Экраны дисплей iPhone 4 4s 5 5c 5s 6 6s 7 8 plus +,450  ₽,м. Белорусская,https://www.avito.ru/moskva/telefony/ekrany_displey_iphone_4_4s_5_5c_5s_6_6s_7_8_plus_1014785501
HTC Desire 600 dual sim,3 500  ₽,м. Улица Скобелевская,https://www.avito.ru/moskva/telefony/htc_desire_600_dual_sim_990863991
HTC,3 000  ₽,м. Шаболовская,https://www.avito.ru/moskva/telefony/htc_1302390747
Htc One M7 4G 32Gb,3 700  ₽,м. Владыкино,https://www.avito.ru/moskva/telefony/htc_one_m7_4g_32gb_931444265
HTC,1 500  ₽,м. Крылатское,https://www.avito.ru/moskva/telefony/htc_1517523966
HTC,1 000  ₽,м. Лубянка,https://www.avito.ru/moskva/telefony/htc_1404403533
HTC,2 000  ₽,м. Чистые пруды,https://www.avito.ru/moskva/telefony/htc_956200247
HTC Desire S,2 000  ₽,м. Алексеевская,https://www.avito.ru/moskva/telefony/htc_desire_s_1171052831
HTC Butterfly,2 000  ₽,м. Улица академика Янгеля,https://www.avito.ru/moskva/telefony/htc_butterfly_1419853177
HTC,1 800  ₽,м. Марьино,https://www.avito.ru/moskva/telefony/htc_1353393489
HTC Desire 626G DS - Б/У,3 000  ₽,м. Строгино,https://www.avito.ru/moskva/telefony/htc_desire_626g_ds_-_bu_1563647689
HTC One X,2 500  ₽,м. Площадь революции,https://www.avito.ru/moskva/telefony/htc_one_x_1450219095
HTC,2 500  ₽,м. Сходненская,https://www.avito.ru/moskva/telefony/htc_1334636987
Тачскрины HTC в ассортименте,200  ₽,м. Савеловская,https://www.avito.ru/moskva/telefony/tachskriny_htc_v_assortimente_885296586
HTC на Windows Mobile,300  ₽,м. Крестьянская застава,https://www.avito.ru/moskva/telefony/htc_na_windows_mobile_1378173979
HTC Legend,700  ₽,м. Новокосино,https://www.avito.ru/moskva/telefony/htc_legend_1228702712
HTC 5,3 000  ₽,м. Марьино,https://www.avito.ru/moskva/telefony/htc_5_1244982036
HTC,2 000  ₽,м. Савеловская,https://www.avito.ru/moskva/telefony/htc_1445441073
HTC,1 500  ₽,м. Третьяковская,https://www.avito.ru/moskva/telefony/htc_1205055106
Дисплей HTC Desire 210 комплект с сенсором,500  ₽,м. Савеловская,https://www.avito.ru/moskva/telefony/displey_htc_desire_210_komplekt_s_sensorom_885286642
Дисплей HTC Desire 510 комплект с сенсором,500  ₽,м. Савеловская,https://www.avito.ru/moskva/telefony/displey_htc_desire_510_komplekt_s_sensorom_885295152
"Дисплей HTC One E9 Plus, комплект с сенсором",700  ₽,м. Савеловская,https://www.avito.ru/moskva/telefony/displey_htc_one_e9_plus_komplekt_s_sensorom_888848275
Дисплей HTC Desire 400/One SU/T528W,600  ₽,м. Савеловская,https://www.avito.ru/moskva/telefony/displey_htc_desire_400one_sut528w_885290871
HTC,5 000  ₽,м. Текстильщики,https://www.avito.ru/moskva/telefony/htc_1265512560
Htc one m7 32Gb,999  ₽,м. Ботанический сад,https://www.avito.ru/moskva/telefony/htc_one_m7_32gb_1620609220
HTC,8 000  ₽,м. Текстильщики,https://www.avito.ru/moskva/telefony/htc_1700179704
HTC,5 500  ₽,м. Коньково,https://www.avito.ru/moskva/telefony/htc_970435662
HTC Radar,300  ₽,м. Орехово,https://www.avito.ru/moskva/telefony/htc_radar_1272877518
HTC,6 000  ₽,м. Щелковская,https://www.avito.ru/moskva/telefony/htc_1393332625
HTC Windows Phone,1 250  ₽,м. Коломенская,https://www.avito.ru/moskva/telefony/htc_windows_phone_1681360693
HTC,2 000  ₽,м. Жулебино,https://www.avito.ru/moskva/telefony/htc_1002140743
HTC one V,2 000  ₽,м. Беляево,https://www.avito.ru/moskva/telefony/htc_one_v_1604226546
Htc desire v,1 500  ₽,м. Войковская,https://www.avito.ru/moskva/telefony/htc_desire_v_1382129245
HTC,400  ₽,м. Орехово,https://www.avito.ru/moskva/telefony/htc_1143625750
Htc,4 000  ₽,м. Новые Черемушки,https://www.avito.ru/moskva/telefony/htc_1515312424
Телефон HTC,300  ₽,м. Бульвар Дмитрия Донского,https://www.avito.ru/moskva/telefony/telefon_htc_1564280919
HTC,2 000  ₽,м. Улица Старокачаловская,https://www.avito.ru/moskva/telefony/htc_1488671629
HTC Desire 626,3 100  ₽,м. Кузьминки,https://www.avito.ru/moskva/telefony/htc_desire_626_1424988343
Задняя крышка HTC One M8 + заглушки,100  ₽,м. Шипиловская,https://www.avito.ru/moskva/telefony/zadnyaya_kryshka_htc_one_m8_zaglushki_1629713748
HTC ChaCha,4 000  ₽,м. ВДНХ,https://www.avito.ru/moskva/telefony/htc_chacha_740018079
Смартфон htc P3600,1 500  ₽,м. Новые Черемушки,https://www.avito.ru/moskva/telefony/smartfon_htc_p3600_957923663
HTC,2 000  ₽,м. Ленинский проспект,https://www.avito.ru/moskva/telefony/htc_1641384689
Чехол для HTC One M8,100  ₽,м. Шипиловская,https://www.avito.ru/moskva/telefony/chehol_dlya_htc_one_m8_1263698990
HTC One S9,13 000  ₽,м. Савеловская,https://www.avito.ru/moskva/telefony/htc_one_s9_1169932689
HTC,499  ₽,м. Проспект Вернадского,https://www.avito.ru/moskva/telefony/htc_1520153794
HTC,700  ₽,м. Отрадное,https://www.avito.ru/moskva/telefony/htc_1362651250
HTC,2 000  ₽,м. Нахимовский проспект,https://www.avito.ru/moskva/telefony/htc_1046117723
HTC,1 000  ₽,м. Мичуринский проспект,https://www.avito.ru/moskva/telefony/htc_1261381160
HTC,600  ₽,м. Алтуфьево,https://www.avito.ru/moskva/telefony/htc_1142352961
Htc,1 000  ₽,м. Дмитровская,https://www.avito.ru/moskva/telefony/htc_1181400981
HTC,2 000  ₽,Москва,https://www.avito.ru/moskva/telefony/htc_1402931187
Htc one m7,2 500  ₽,м. ВДНХ,https://www.avito.ru/moskva/telefony/htc_one_m7_1470052240
HTC Wildfire s на запчасти,400  ₽,м. Шипиловская,https://www.avito.ru/moskva/telefony/htc_wildfire_s_na_zapchasti_852864637
HTC,900  ₽,м. Коньково,https://www.avito.ru/moskva/telefony/htc_839611226
HTC,1 200  ₽,м. Марьино,https://www.avito.ru/moskva/telefony/htc_1648667486
HTC desire,500  ₽,м. Семеновская,https://www.avito.ru/moskva/telefony/htc_desire_1081995834
HTC,2 000  ₽,м. Алтуфьево,https://www.avito.ru/moskva/telefony/htc_1575795537
HTC,7 000  ₽,м. Новогиреево,https://www.avito.ru/moskva/telefony/htc_1378724809
HTC Sensation,800  ₽,м. Водный стадион,https://www.avito.ru/moskva/telefony/htc_sensation_934022836
HTC,500  ₽,м. Коньково,https://www.avito.ru/moskva/telefony/htc_1276280864
HTC,1 000  ₽,м. Люблино,https://www.avito.ru/moskva/telefony/htc_1184106699
Авто держатель на стекло HTC One M9 плюс чехол,700  ₽,м. Улица Горчакова,https://www.avito.ru/moskva/telefony/avto_derzhatel_na_steklo_htc_one_m9_plyus_chehol_1613222366
HTC Desire S,2 000  ₽,м. Площадь революции,https://www.avito.ru/moskva/telefony/htc_desire_s_1051583389
HTC wildfire s,700  ₽,м. Тверская,https://www.avito.ru/moskva/telefony/htc_wildfire_s_1575266101
HTC,1 500  ₽,м. Ленинский проспект,https://www.avito.ru/moskva/telefony/htc_1539515873
HTC Desire 210 dual sim,1 490  ₽,м. Кантемировская,https://www.avito.ru/moskva/telefony/htc_desire_210_dual_sim_701120395
HTC TyTN II P4550 Kaiser (комплект) + microSD 4Gb,1 290  ₽,м. Красные ворота,https://www.avito.ru/moskva/telefony/htc_tytn_ii_p4550_kaiser_komplekt_microsd_4gb_1050568076
HTC Desire HD,1 500  ₽,м. Серпуховская,https://www.avito.ru/moskva/telefony/htc_desire_hd_1107161279
HTC Diamond,3 000  ₽,м. Волоколамская,https://www.avito.ru/moskva/telefony/htc_diamond_1158743478
HTC titan,2 500  ₽,м. Перово,https://www.avito.ru/moskva/telefony/htc_titan_1233420561
HTC P3450,500  ₽,м. Площадь революции,https://www.avito.ru/moskva/telefony/htc_p3450_907152075
HTC,2 000  ₽,м. Улица академика Янгеля,https://www.avito.ru/moskva/telefony/htc_1148729238
HTC radar,1 000  ₽,м. Марксистская,https://www.avito.ru/moskva/telefony/htc_radar_1158463792
HTC,6 000  ₽,м. Кунцевская,https://www.avito.ru/moskva/telefony/htc_1533627329
HTC Legend,500  ₽,м. Щелковская,https://www.avito.ru/moskva/telefony/htc_legend_1385356602
Htc,1 500  ₽,м. Домодедовская,https://www.avito.ru/moskva/telefony/htc_1638858597
HTC Sensation,1 800  ₽,м. Селигерская,https://www.avito.ru/moskva/telefony/htc_sensation_1431593357
Htc,1 500  ₽,м. Люблино,https://www.avito.ru/moskva/telefony/htc_1264236975
HTC,1 000  ₽,м. Бульвар Дмитрия Донского,https://www.avito.ru/moskva/telefony/htc_1595833198
HTC,700  ₽,м. Бунинская аллея,https://www.avito.ru/moskva/telefony/htc_1588737491
HTC кпк 3300 в хорошем состоянии,3 000  ₽,м. Лермонтовский проспект,https://www.avito.ru/moskva/telefony/htc_kpk_3300_v_horoshem_sostoyanii_1410913437
HTC 816,2 000  ₽,м. Кунцевская,https://www.avito.ru/moskva/telefony/htc_816_1618325316
"HTC Sensation XE, обмен",500  ₽,м. Ясенево,https://www.avito.ru/moskva/telefony/htc_sensation_xe_obmen_1455595791
HTC Radar,650  ₽,м. Коломенская,https://www.avito.ru/moskva/telefony/htc_radar_1509217995
HTC,2 000  ₽,м. Марьино,https://www.avito.ru/moskva/telefony/htc_1003714566
Телефон HTC wildfire S,800  ₽,м. Новокосино,https://www.avito.ru/moskva/telefony/telefon_htc_wildfire_s_1145437394
HTC,4 500  ₽,м. Автозаводская,https://www.avito.ru/moskva/telefony/htc_1468008277
HTC U Play,9 800  ₽,м. Багратионовская,https://www.avito.ru/moskva/telefony/htc_u_play_1633660316
HTC ONE,2 000  ₽,м. Царицыно,https://www.avito.ru/moskva/telefony/htc_one_1490902511
HTC на запчасти,200  ₽,м. Алтуфьево,https://www.avito.ru/moskva/telefony/htc_na_zapchasti_1092506751
HTC,700  ₽,м. Выхино,https://www.avito.ru/moskva/telefony/htc_1578472096
HTC,2 500  ₽,м. Тушинская,https://www.avito.ru/moskva/telefony/htc_1380038553
HTC,3 000  ₽,м. Тушинская,https://www.avito.ru/moskva/telefony/htc_1616058133
HTC оригинал,3 990  ₽,м. Цветной бульвар,https://www.avito.ru/moskva/telefony/htc_original_1226211945
HTC U11 64Gb Sapphire black новый,19 000  ₽,м. Строгино,https://www.avito.ru/moskva/telefony/htc_u11_64gb_sapphire_black_novyy_1606555256
HTC U11 64Gb Sapphire silver новый,19 000  ₽,м. Строгино,https://www.avito.ru/moskva/telefony/htc_u11_64gb_sapphire_silver_novyy_1415071891
HTC продаю,2 000  ₽,м. Отрадное,https://www.avito.ru/moskva/telefony/htc_prodayu_1332631750
HTC,500  ₽,м. Орехово,https://www.avito.ru/moskva/telefony/htc_1342916622
Htc,1 000  ₽,м. Алтуфьево,https://www.avito.ru/moskva/telefony/htc_1573883319
HTC,2 500  ₽,,https://www.avito.ru/moskva/telefony/htc_1540273820
HTC,3 000  ₽,м. Калужская,https://www.avito.ru/moskva/telefony/htc_1192666842
Коробка от htc one,300  ₽,м. Лихоборы,https://www.avito.ru/moskva/telefony/korobka_ot_htc_one_1673517135
Смартфон htc P3600,1 500  ₽,м. Новые Черемушки,https://www.avito.ru/moskva/telefony/smartfon_htc_p3600_957923663
